	token	전주빈도	경주빈도
0	코스	481	446
1	여수	349	0
2	주달	304	0
3	추천	301	401
4	맛집	287	120
5	한옥마을	193	0
6	티비	177	0
7	국내	167	5
8	제주	152	5
9	봉이	127	0
10	언서	127	0
11	전문	127	10
12	제주도	127	0
13	마을	117	0
14	한옥	117	5
15	일정	80	118
16	질문	78	114
17	친구	78	44
18	부탁	75	105
19	당일치기	70	25
20	계획	61	154
21	숙소	60	139
22	공원	55	15
23	답변	55	106
24	이번	55	30
25	안녕	53	57
26	덕진	50	0
27	참고	45	56
28	버스	40	23
29	시간	39	23
30	동물원	38	0
31	근처	36	30
32	예정	35	40
33	이용	35	25
34	감사	33	0
35	비용	33	0
36	사람	32	10
37	가능	30	24
38	관광	30	15
39	남자	30	15
40	수목원	30	0
41	시작	30	15
42	시장	30	10
43	이동	30	14
44	전라도	30	0
45	정도	30	54
46	택시	30	55
47	터미널	30	25
48	갈만	29	15
49	관련	28	66
50	장소	28	25
51	강아지	25	0
52	관광지	25	25
53	남부	25	0
54	도움	25	20
55	렌트	25	15
56	부모	25	10
57	준비	25	45
58	혼자	25	20
59	대중교통	24	15
60	체험	24	10
61	가격	22	10
62	추억	22	30
63	호텔	22	7
64	가족	20	95
65	거리	20	10
66	기차	20	10
67	당일	20	21
68	문화	20	30
69	산책	20	0
70	아래	20	32
71	완산구	20	0
72	정보	20	10
73	주말	20	20
74	향교	20	0
75	얼마	17	5
76	카페	17	25
77	박물관	16	15
78	음식	16	0
79	경기전	15	0
80	경비	15	5
81	고등학교	15	0
82	교통	15	0
83	구경	15	0
84	대부분	15	5
85	덕진구	15	0
86	방법	15	0
87	벽화	15	0
88	서울	15	11
89	아이	15	45
90	여자	15	25
91	요소	15	5
92	자동차	15	0
93	주역	15	0
94	진행	15	0
95	추석	15	8
96	펜션	15	23
97	포함	15	10
98	포항	15	15
99	필요	15	5
100	한복	15	5
101	금요일	11	0
102	여행지	11	72
103	저녁	11	5
104	토요일	11	5
105	투어	11	30
106	고려	10	0
107	교통비	10	5
108	국립	10	15
109	기본	10	5
110	난장	10	0
111	다음	10	10
112	도착	10	25
113	동반	10	10
114	랜드	10	0
115	렌트카	10	10
116	명소	10	15
117	무리	10	0
118	바다	10	4
119	바닷가	10	5
120	반려	10	10
121	방문	10	36
122	복귀	10	0
123	볼거리	10	15
124	비빔	10	0
125	사진	10	0
126	사투리	10	0
127	생각	10	16
128	생략	10	0
129	소리	10	0
130	수단	10	0
131	숙박	10	0
132	순서	10	0
133	안내	10	0
134	연령	10	0
135	영화제	10	0
136	예상	10	5
137	완주	10	0
138	위주	10	14
139	이벤트	10	0
140	이상	10	0
141	자만	10	0
142	자차	10	5
143	전동성당	10	0
144	전시회	10	0
145	전통	10	5
146	점심	10	5
147	정리	10	2
148	지난주	10	0
149	지역	10	0
150	처음	10	15
151	초등	10	10
152	초코파이	10	0
153	최고봉	10	0
154	최소한	10	5
155	커플	10	0
156	크리스마스	10	0
157	학년	10	15
158	한국	10	10
159	한국도로공사	10	0
160	호수	10	0
161	자가용	9	0
162	내공	8	5
163	목대	8	0
164	수원	8	0
165	여학생	8	0
166	음식점	8	0
167	추가	8	0
168	가요	7	18
169	시외버스	6	5
170	테마	6	0
171	가보세요	5	0
172	가실	5	5
173	가운데	5	0
174	가을	5	10
175	갤러리	5	0
176	거북	5	0
177	걱정	5	0
178	건물	5	0
179	검색	5	10
180	게스트	5	15
181	결정	5	0
182	결제	5	0
183	경로	5	0
184	경험	5	15
185	계절	5	5
186	고궁	5	0
187	고등학생	5	20
188	고속버스	5	5
189	공간	5	0
190	공방	5	0
191	공연	5	0
192	공용	5	0
193	공장	5	0
194	관광공사	5	0
195	관심	5	5
196	광주	5	0
197	교동	5	5
198	교육	5	0
199	교통수단	5	0
200	구용	5	0
201	군산	5	0
202	그때	5	5
203	그램	5	0
204	금액	5	0
205	기간	5	5
206	기관	5	0
207	기지	5	0
208	기차표	5	0
209	기프	5	0
210	기회	5	0
211	김선용	5	0
212	날짜	5	5
213	내부	5	0
214	내외	5	0
215	다랭이	5	0
216	다윈	5	0
217	달인	5	0
218	답장	5	0
219	당장	5	0
220	대둔산	5	0
221	대여	5	5
222	대옥	5	0
223	대표	5	5
224	대학	5	0
225	더클래식	5	0
226	데이트	5	0
227	도로공사	5	0
228	도보	5	20
229	도시	5	20
230	독일	5	0
231	동물	5	0
232	동선	5	40
233	려인	5	0
234	리의	5	0
235	마감	5	0
236	말씀	5	10
237	맞춤	5	10
238	명품	5	0
239	문의	5	0
240	문자	5	7
241	문제	5	5
242	물관	5	0
243	미술관	5	5
244	반양	5	0
245	방지	5	0
246	방학	5	5
247	법률	5	0
248	변호	5	0
249	변호사	5	0
250	보리암	5	0
251	보통	5	0
252	본점	5	0
253	부분	5	0
254	부산	5	11
255	분위기	5	10
256	불편	5	0
257	블로거	5	10
258	블로그	5	11
259	사용	5	0
260	사이트	5	5
261	사회	5	0
262	상담	5	0
263	상당	5	0
264	상황	5	4
265	새만금	5	0
266	생일	5	0
267	생활	5	5
268	서신동	5	0
269	선착순	5	0
270	성미	5	0
271	세염	5	0
272	세일	5	0
273	소속	5	0
274	소요	5	0
275	수구	5	0
276	수정	5	0
277	수학여행	5	5
278	술값	5	0
279	슈퍼	5	0
280	스로	5	0
281	스타	5	0
282	스토리	5	0
283	시대	5	5
284	시설	5	0
285	시절	5	15
286	식당	5	40
287	식비	5	0
288	실내	5	10
289	실시간	5	0
290	아빠	5	31
291	아침	5	5
292	알짜배기	5	0
293	애견	5	0
294	야경	5	18
295	양식	5	0
296	어머니	5	29
297	억양	5	0
298	엄마	5	55
299	여행객	5	0
300	역사	5	45
301	연극	5	0
302	연못	5	0
303	연인	5	0
304	예산	5	5
305	예술	5	0
306	예약	5	15
307	예약금	5	0
308	오전	5	10
309	오픈	5	0
310	오후	5	10
311	왕복	5	0
312	요약	5	0
313	요일	5	0
314	욕조	5	0
315	운송	5	0
316	월요일	5	0
317	웨이팅	5	0
318	유명	5	0
319	유적지	5	1
320	음료	5	0
321	의견	5	10
322	의외	5	0
323	이동은	5	0
324	인근	5	10
325	인당	5	0
326	일반	5	0
327	일식	5	0
328	입장료	5	5
329	장단점	5	0
330	전라	5	0
331	전라북도	5	0
332	전망	5	0
333	전일	5	0
334	전주국	5	0
335	전주비빔밥	5	0
336	전주시	5	0
337	전주식	5	0
338	전통문화	5	0
339	정감	5	0
340	제시	5	5
341	조선	5	0
342	조언	5	10
343	조정	5	0
344	주가	5	0
345	주만	5	0
346	주목적	5	0
347	주문	5	0
348	주박	5	0
349	주세요	5	0
350	주식	5	0
351	주의	5	0
352	주이	5	0
353	주천	5	0
354	중간	5	5
355	중순	5	7
356	중식	5	0
357	중심	5	0
358	지방	5	0
359	지식	5	0
360	쭈니	5	6
361	채택	5	15
362	천차만별	5	0
363	첨부	5	20
364	체증	5	0
365	친정	5	10
366	침대	5	0
367	케이블카	5	0
368	코로나	5	0
369	태교	5	0
370	토종	5	0
371	통상	5	0
372	트레	5	0
373	팀조	5	0
374	팔복	5	0
375	페스타	5	0
376	편리	5	0
377	평일	5	15
378	평점	5	0
379	플랫	5	0
380	피큐어	5	0
381	하늘	5	0
382	하루	5	20
383	하우스	5	15
384	하트	5	0
385	한정식	5	0
386	항목	5	0
387	해설	5	0
388	허락	5	0
389	현대	5	5
390	현장	5	0
391	현재	5	0
392	현황	5	0
393	확인	5	16
394	환급	5	0
395	회관	5	0
396	휴가	5	0
397	휴무	5	0
398	흐노	5	0
399	라면	4	0
400	애니	4	0
401	오타쿠	4	0
402	일본	4	0
403	학생	4	5
404	경관	3	5
405	동네	3	0
406	떡갈비	3	0
407	레일바이크	3	0
408	선택	3	15
409	수지	3	0
410	아중	3	0
411	자연	3	5
412	전북	3	0
413	주변	3	0
414	다양	2	0
415	모주	2	0
416	감성	1	7
417	용권	1	0
418	용추	1	0
419	유익	1	0
420	찜질방	1	0
421	카페이	1	0
422	통합	1	0
423	패스	1	0
424	편안	1	10
425	필수	1	10
426	황리	0	95
427	날씨	0	52
428	운전	0	45
429	월지	0	39
430	첨성대	0	37
431	불국사	0	36
432	동궁	0	34
433	아들	0	30
434	플레이스	0	30
435	소개	0	26
436	루트	0	25
437	특별	0	23
438	석굴암	0	21
439	교통편	0	20
440	동안	0	20
441	시내	0	20
442	실패	0	20
443	월드	0	20
444	지도	0	20
445	마음	0	18
446	대릉원	0	16
447	가이드	0	15
448	경북	0	15
449	남산	0	15
450	리스트	0	15
451	보문	0	15
452	빌라	0	15
453	빵집	0	15
454	신라	0	15
455	여유	0	15
456	주신	0	15
457	주요	0	15
458	천마총	0	15
459	할머니	0	15
460	경주역	0	14
461	고민	0	13
462	관람	0	13
463	남편	0	12
464	예보	0	11
465	경주로	0	10
466	관광객	0	10
467	궁원	0	10
468	느낌	0	10
469	다면	0	10
470	단지	0	10
471	대상	0	10
472	대접	0	10
473	문화재	0	10
474	보문관광단지	0	10
475	본인	0	10
476	부족	0	10
477	사월	0	10
478	시기	0	10
479	애인	0	10
480	양남	0	10
481	어르신	0	10
482	어머님	0	10
483	어사이즈	0	10
484	엑스포	0	10
485	오푸스	0	10
486	요금	0	10
487	요번	0	10
488	위치	0	10
489	인원	0	10
490	저번	0	10
491	절리	0	10
492	정복	0	10
493	제공	0	10
494	조절	0	10
495	주상	0	10
496	주제	0	10
497	중앙	0	10
498	책자	0	10
499	초등학생	0	10
500	초보	0	10
501	최적	0	10
502	출발	0	10
503	캐리	0	10
504	캐리어	0	10
505	쿠지	0	10
506	패딩	0	10
507	현지인	0	10
508	황남빵	0	10
509	황동	0	10
510	황성	0	10
511	여성	0	9
512	운영	0	9
513	정교	0	9
514	중요	0	8
515	에서	0	7
516	첫날	0	7
517	황남	0	7
518	기상	0	6
519	어버이날	0	6
520	가본적	0	5
521	가성	0	5
522	가시	0	5
523	가여	0	5
524	간식	0	5
525	감상	0	5
526	개별	0	5
527	개인	0	5
528	개화	0	5
529	객실	0	5
530	건강	0	5
531	걸음	0	5
532	겨울	0	5
533	결과	0	5
534	경경	0	5
535	경기도	0	5
536	경량	0	5
537	경우	0	5
538	경치	0	5
539	경험담	0	5
540	고택	0	5
541	공부	0	5
542	공유	0	5
543	구매	0	5
544	구성원	0	5
545	구체	0	5
546	군요	0	5
547	궁터	0	5
548	그동안	0	5
549	기림사	0	5
550	기반	0	5
551	기온	0	5
552	나드리	0	5
553	낭비	0	5
554	내년	0	5
555	내용	0	5
556	네이버	0	5
557	대공원	0	5
558	대명	0	5
559	대한민국	0	5
560	도보이	0	5
561	독채	0	5
562	동굴	0	5
563	랜드마크	0	5
564	렌터카	0	5
565	로또	0	5
566	리조트	0	5
567	마지막	0	5
568	매일	0	5
569	먹거리	0	5
570	메뉴	0	5
571	무열왕릉	0	5
572	밀면	0	5
573	바람	0	5
574	바베큐	0	5
575	바탕	0	5
576	배달	0	5
577	법주	0	5
578	벚꽃	0	5
579	봄바람	0	5
580	부부	0	5
581	부처	0	5
582	분황사	0	5
583	불안	0	5
584	비추	0	5
585	빙판길	0	5
586	사지	0	5
587	새벽	0	5
588	선배	0	5
589	성수기	0	5
590	세영	0	5
591	수면	0	5
592	술집	0	5
593	시내버스	0	5
594	시즌	0	5
595	시티투어	0	5
596	식대	0	5
597	식사	0	5
598	신상	0	5
599	신축	0	5
600	실제	0	5
601	실행	0	5
602	아버지	0	5
603	안내소	0	5
604	어려움	0	5
605	어른	0	5
606	어린애	0	5
607	언니	0	5
608	언덕	0	5
609	여동생	0	5
610	여름	0	5
611	여행가	0	5
612	역하	0	5
613	열차	0	5
614	예전	0	5
615	오랫동안	0	5
616	오릉	0	5
617	왕자	0	5
618	요즘	0	5
619	용시	0	5
620	우양	0	5
621	움직임	0	5
622	워터	0	5
623	원릉	0	5
624	월드컵	0	5
625	유산	0	5
626	의미	0	5
627	이맘때	0	5
628	이틀	0	5
629	인기	0	5
630	입실	0	5
631	입장	0	5
632	자녀	0	5
633	자신	0	5
634	자전거	0	5
635	작년	0	5
636	작품	0	5
637	잔치국수	0	5
638	재미	0	5
639	전남	0	5
640	전역	0	5
641	접근성	0	5
642	정서	0	5
643	제안	0	5
644	제외	0	5
645	조금	0	5
646	조립식	0	5
647	조사	0	5
648	조심	0	5
649	조화	0	5
650	종합	0	5
651	주머니	0	5
652	중반	0	5
653	중학	0	5
654	중학교	0	5
655	지리	0	5
656	지역민	0	5
657	지인	0	5
658	직전	0	5
659	집행	0	5
660	참조	0	5
661	천군동	0	5
662	체크인	0	5
663	초반	0	5
664	최근	0	5
665	최대한	0	5
666	최초	0	5
667	추도	0	5
668	출발지	0	5
669	취향	0	5
670	카메라	0	5
671	카카오	0	5
672	카테고리	0	5
673	컴퓨터	0	5
674	코트	0	5
675	콘도	0	5
676	테마파크	0	5
677	텍스	0	5
678	토함산	0	5
679	파크	0	5
680	평상시	0	5
681	평지	0	5
682	포토	0	5
683	폴라로이드	0	5
684	학교	0	5
685	한화	0	5
686	해결책	0	5
687	해몽	0	5
688	행복	0	5
689	형편	0	5
690	활동	0	5
691	활용	0	5
692	황룡	0	5
693	황지	0	5
694	휴식	0	5
695	흥미	0	5
696	고요	0	4
697	방해	0	4
698	신경주역	0	4
699	정상	0	4
700	통제	0	4
701	휴무일	0	4
702	기상청	0	3
703	뉴스	0	3
704	비피	0	3
705	소록	0	2
706	스테이	0	2
707	옥스	0	2
708	이튿날	0	2
709	청공	0	2
710	테이	0	2
711	권역	0	1
712	연중무휴	0	1
713	운행	0	1
714	전용	0	1
715	차선	0	1
