title,link
"이스타항공, 도쿠시마 라면 출시...항공사가 라면 만든 이유는?",http://v.daum.net/v/20250528102327455
"세븐일레븐, ‘도쿠시마 라면’ 출시…이스타항공·하림과 협업",http://v.daum.net/v/20250528091624343
"취항지 알리기 나선 이스타항공, '도쿠시마 라면' 출시",http://v.daum.net/v/20250528103847208
“60년간 사랑해주셔서 감사했습니다”…라면에 ‘황금’ 숨긴 농심,http://v.daum.net/v/20250528173137169
'불닭이 쏜' 볶음면 열풍..편의점 라면 시장 '판' 바꿨다,http://v.daum.net/v/20250525170010954
음료부터 라면·햄까지…식품업계 광고 '접수',http://v.daum.net/v/20250530100856166
꿈돌이 라면은 무슨맛?… 대전 꿈돌이 라면 6월 9일 출시,http://v.daum.net/v/20250523104350482
"[라면 산업보고서] K-라면, 글로벌 식탁을 점령하다",http://v.daum.net/v/20250522094924438
제2의 불닭 찾아라...라면 업계는 지금 ‘매운맛 전쟁’,http://v.daum.net/v/20250524184502672
"뜨거운 여름, 더 뜨거운 볶음면… 비국물라면 전성시대 열렸다",http://v.daum.net/v/20250525180336705
"“라면 다음은 런웨이”…손예진, 낮술 지우고 드레스 퀸 복귀",http://v.daum.net/v/20250527183900455
K푸드 열풍 편승했나… ‘라면에 김밥 한 줄’ 1만원 훌쩍 넘었다,http://v.daum.net/v/20250528204702644
‘한강에서 라면축제 열린다고?’···개최자 누군가 봤더니,http://v.daum.net/v/20250526160906289
"세븐일레븐, 도쿠시마 스타일 라면 선봬…""청귤즙도 포함""",http://v.daum.net/v/20250528084855242
신우회 예배·한강 라면축제… 여의도 직장인 섬기는 이 교회,http://v.daum.net/v/20250527030206002
"박지윤 ""3kg 쪘어요""…다이어트 선언→첫 식단은 라면?",http://v.daum.net/v/20250529093009776
"농심, ‘수출용 라면’ 연간 5억개 생산 공장 착공···“내년 하반기 완공”",http://v.daum.net/v/20250527144757741
"편의점서 시작된 K-라면 인기…한국, 라면 수입 2위국으로 '우뚝'[食세계]",http://v.daum.net/v/20250524123153817
‘황금라면 티켓을 찾아라!’ 농심 60주년 기념 특별 이벤트 개최,http://v.daum.net/v/20250528143029779
"""다음 수출 효자는 나!""...라면·김치 잇는 '진격의 소주'",http://v.daum.net/v/20250528111615379
라면 대신 화만 '부글부글'… 부산 세계라면축제 부실 운영 논란,http://v.daum.net/v/20250512060245521
하영 “라면에 진심…하루 세 끼 라면 먹은 적도” (‘편스토랑’),http://v.daum.net/v/20250516212401186
"농심, 공장 증설…수출 라면 증산",http://v.daum.net/v/20250527203313611
"'K치킨·라면' 구미의 매력, 亞선수에 알린다",http://v.daum.net/v/20250527172307724
[출근길인터뷰] 둘리뮤지엄 특별전 'K－라면과 구공탄',http://v.daum.net/v/20250523074847334
[포토] 한국에서 즐기는 일본 도쿠시마 라면,http://v.daum.net/v/20250528132451005
"‘꿈돌이’와 함께 떠나는 맛 여행…대전시, ‘꿈돌이 라면’ 출시",http://v.daum.net/v/20250523163127197
"""뚜벅아, 라면 먹고 갈래?"" 동해관광재단, 묵호 미식여행 운영",http://v.daum.net/v/20250526140019599
"김밥은 김천, 라면은 구미…MZ 움직인 '지역 축제' [여행 라이브]",http://v.daum.net/v/20250526060139880
‘입장료는 라면이면 충분합니다’...기부와 나눔의 특별한 라면음악회 눈길,http://v.daum.net/v/20250521142600030
